idx,scope,type,name pl,name en,name es,visible,required,filterable,searchable
name,system,text t9n,Nazwa,Name,Name,TRUE,TRUE,FALSE,TRUE
description,system,text t9n,Opis,Description,Description,TRUE,FALSE,FALSE,TRUE
short_description,system,text t9n,Krótki opis,Description Short,Description Short,FALSE,FALSE,FALSE,FALSE
url_key,system,varchar 255 t9n,Klucz URL,Url key,Url key,FALSE,FALSE,FALSE,FALSE
badge,system,multiselect,Odznaka,Badge,Badge,TRUE,FALSE,FALSE,FALSE
brand,system,select,Marka,Brand,Brand,TRUE,FALSE,FALSE,FALSE
subname,system,text t9n,Podtytuł 1,Subname 1,Subname 1,FALSE,FALSE,FALSE,FALSE
subname2,system,text t9n,Podtytuł 2,Subname 2,Subname 2,FALSE,FALSE,FALSE,FALSE
size_table,system,json,Tabela rozmiarów,Size Table,Size Table,FALSE,FALSE,FALSE,FALSE
extension,system,json,Rozszerzenie,Extension,Extension,FALSE,FALSE,FALSE,FALSE
meta_title,system,text t9n,Meta tytuł,Meta title,Meta title,FALSE,FALSE,FALSE,FALSE
meta_description,system,text t9n,Meta opis,Meta description,Meta description,FALSE,FALSE,FALSE,FALSE
rich_content,system,json,Treść rozszerzona,Rich Content,Rich Content,FALSE,FALSE,FALSE,FALSE
canonical_url,system,varchar 255 t9n,Adres kanoniczny,Canonical URL,Canonical URL,FALSE,FALSE,FALSE,FALSE
og_image,system,varchar 255 t9n,Obraz OG,OG Image,OG Image,FALSE,FALSE,FALSE,FALSE
dimensions_depth,business_unit,text,Głębokość,Depth,Depth,TRUE,FALSE,FALSE,FALSE
dimensions_height,business_unit,text,Wysokość,Height,Height,TRUE,FALSE,FALSE,FALSE
dimensions_width,business_unit,text,Szerokość,Width,Width,TRUE,FALSE,FALSE,FALSE
series,business_unit,select,Seria,Series,Series,TRUE,FALSE,TRUE,TRUE
options,business_unit,multiselect,Opcje,Options,Options,TRUE,FALSE,TRUE,TRUE
customizable,business_unit,bool,Konfigurowalny,Customizable,Customizable,TRUE,FALSE,FALSE,FALSE
max_limit_bundle,system,varchar 255 t9n,Maksymalny limit bundla,Max Bundle Limit,Límite máximo del paquete,FALSE,FALSE,FALSE,FALSE
min_limit_bundle,system,varchar 255 t9n,Minimalny limit bundla,Min Bundle Limit,Límite mínimo del paquete,FALSE,FALSE,FALSE,FALSE
weight_kg,business_unit,decimal,Waga (kg),Weight (kg),Weight (kg),TRUE,FALSE,FALSE,FALSE
is_handcrafted,business_unit,bool,Ręcznie wykonane,Handcrafted,Handcrafted,TRUE,FALSE,TRUE,FALSE
material_composition,business_unit,text,Skład materiałowy,Material Composition,Material Composition,TRUE,FALSE,FALSE,TRUE
specifications,business_unit,json,Specyfikacja,Specifications,Specifications,FALSE,FALSE,FALSE,FALSE
