feature-idx,feature-set-idx,position
dimensions_depth,default,10
dimensions_height,default,20
dimensions_width,default,30
series,default,40
options,default,50
customizable,default,60
weight_kg,default,70
is_handcrafted,default,80
material_composition,default,90
specifications,default,100
max_limit_bundle,default,110
min_limit_bundle,default,120
dimensions_depth,furniture,10
series,furniture,10
dimensions_height,furniture,20
options,furniture,20
badge,furniture,30
dimensions_width,furniture,30
brand,furniture,40
weight_kg,furniture,50
customizable,furniture,60
is_handcrafted,furniture,60
material_composition,furniture,70
specifications,furniture,80
series,bundle,10
options,bundle,20
max_limit_bundle,bundle,30
min_limit_bundle,bundle,40
series,custom,10
options,custom,20
weight_kg,custom,30
is_handcrafted,custom,40
material_composition,custom,50
specifications,custom,60
weight_kg,premium,10
is_handcrafted,premium,20
material_composition,premium,30
specifications,premium,40
series,premium,50
options,premium,60
